[{"id":1,"first_name":"Shaya","last_name":"Sanders","email":"psanders0@goo.gl","gender":"Female","date":"3/29/2016","Salary":"$136356.58"},
   {"id":2,"first_name":"Irene","last_name":"Freeman","email":"ifreeman1@bigcartel.com","gender":"Female","date":"3/3/2016","Salary":"$113186.35"},
   {"id":3,"first_name":"Nancy","last_name":"Johnston","email":"njohnston2@bravesites.com","gender":"Female","date":"5/8/2016","Salary":"$103262.38"},
   {"id":4,"first_name":"Frank","last_name":"Cook","email":"fcook3@last.fm","gender":"Male","date":"8/16/2015","Salary":"$120538.35"},
   {"id":5,"first_name":"David","last_name":"Larson","email":"dlarson4@wordpress.org","gender":"Male","date":"4/8/2016","Salary":"$125780.56"},
   {"id":6,"first_name":"Doris","last_name":"Crawford","email":"dcrawford5@amazonaws.com","gender":"Female","date":"1/28/2016","Salary":"$135442.87"},
   {"id":7,"first_name":"Elizabeth","last_name":"Harris","email":"eharris6@networksolutions.com","gender":"Female","date":"10/9/2015","Salary":"$139148.50"},
   {"id":8,"first_name":"Phyllis","last_name":"Smith","email":"psmith7@scribd.com","gender":"Female","date":"11/3/2015","Salary":"$92705.75"},
   {"id":9,"first_name":"Adam","last_name":"Edwards","email":"aedwards8@tumblr.com","gender":"Male","date":"10/10/2015","Salary":"$142174.02"},
   {"id":10,"first_name":"Carl","last_name":"Johnston","email":"cjohnston9@goo.ne.jp","gender":"Male","date":"3/28/2016","Salary":"$108685.54"},
   {"id":11,"first_name":"Jesse","last_name":"Banks","email":"jbanksa@google.fr","gender":"Male","date":"1/22/2016","Salary":"$88776.35"},
   {"id":12,"first_name":"Frank","last_name":"Hicks","email":"fhicksb@google.com.br","gender":"Male","date":"6/27/2016","Salary":"$133388.29"},
   {"id":13,"first_name":"Michelle","last_name":"Black","email":"mblackc@shinystat.com","gender":"Female","date":"11/12/2015","Salary":"$100742.83"},
   {"id":14,"first_name":"Robert","last_name":"West","email":"rwestd@msu.edu","gender":"Male","date":"11/9/2015","Salary":"$121006.48"},
   {"id":15,"first_name":"Nicholas","last_name":"Robinson","email":"nrobinsone@sourceforge.net","gender":"Male","date":"2/9/2016","Salary":"$123127.88"},
   {"id":16,"first_name":"Edward","last_name":"Daniels","email":"edanielsf@dell.com","gender":"Male","date":"12/30/2015","Salary":"$129636.36"},
   {"id":17,"first_name":"Harry","last_name":"Freeman","email":"hfreemang@flickr.com","gender":"Male","date":"3/15/2016","Salary":"$133019.86"},
   {"id":18,"first_name":"Billy","last_name":"Larson","email":"blarsonh@deviantart.com","gender":"Male","date":"8/12/2015","Salary":"$109375.16"},
   {"id":19,"first_name":"Gerald","last_name":"Garcia","email":"ggarciai@cpanel.net","gender":"Male","date":"5/2/2016","Salary":"$115531.61"},
   {"id":20,"first_name":"Justin","last_name":"Frazier","email":"jfrazierj@shinystat.com","gender":"Male","date":"8/20/2015","Salary":"$120703.26"},
   {"id":21,"first_name":"Julia","last_name":"Jacobs","email":"jjacobsk@abc.net.au","gender":"Female","date":"6/4/2016","Salary":"$97471.69"},
   {"id":22,"first_name":"Mark","last_name":"Howell","email":"mhowelll@xrea.com","gender":"Male","date":"3/21/2016","Salary":"$136380.97"},
   {"id":23,"first_name":"Gerald","last_name":"Ward","email":"gwardm@seesaa.net","gender":"Male","date":"2/27/2016","Salary":"$102061.96"},
   {"id":24,"first_name":"Mark","last_name":"Hart","email":"mhartn@discovery.com","gender":"Male","date":"2/24/2016","Salary":"$139286.40"},
   {"id":25,"first_name":"Jeremy","last_name":"Greene","email":"jgreeneo@seesaa.net","gender":"Male","date":"10/9/2015","Salary":"$110323.00"},
   {"id":26,"first_name":"Adam","last_name":"Morgan","email":"amorganp@apache.org","gender":"Male","date":"7/18/2016","Salary":"$95484.01"},
   {"id":27,"first_name":"Thomas","last_name":"Ferguson","email":"tfergusonq@studiopress.com","gender":"Male","date":"6/2/2016","Salary":"$97580.34"},
   {"id":28,"first_name":"Paula","last_name":"James","email":"pjamesr@wikimedia.org","gender":"Female","date":"3/10/2016","Salary":"$114613.49"},
   {"id":29,"first_name":"Roger","last_name":"Hayes","email":"rhayess@msn.com","gender":"Male","date":"12/3/2015","Salary":"$96152.91"},
   {"id":30,"first_name":"John","last_name":"Brooks","email":"jbrookst@illinois.edu","gender":"Male","date":"2/28/2016","Salary":"$123445.54"},
   {"id":31,"first_name":"Beverly","last_name":"Howell","email":"bhowellu@wikia.com","gender":"Female","date":"1/29/2016","Salary":"$144007.83"},
   {"id":32,"first_name":"Joshua","last_name":"Foster","email":"jfosterv@mac.com","gender":"Male","date":"11/18/2015","Salary":"$133221.71"},
   {"id":33,"first_name":"Clarence","last_name":"Reid","email":"creidw@huffingtonpost.com","gender":"Male","date":"7/16/2016","Salary":"$95595.96"},
   {"id":34,"first_name":"Randy","last_name":"Webb","email":"rwebbx@goo.gl","gender":"Male","date":"2/10/2016","Salary":"$100123.62"},
   {"id":35,"first_name":"Jack","last_name":"Burke","email":"jburkey@tmall.com","gender":"Male","date":"4/18/2016","Salary":"$148684.69"},
   {"id":36,"first_name":"Linda","last_name":"Marshall","email":"lmarshallz@cnbc.com","gender":"Female","date":"2/16/2016","Salary":"$144973.90"},
   {"id":37,"first_name":"Bonnie","last_name":"Bailey","email":"bbailey10@telegraph.co.uk","gender":"Female","date":"11/12/2015","Salary":"$132151.19"},
   {"id":38,"first_name":"Peter","last_name":"Gonzalez","email":"pgonzalez11@barnesandnoble.com","gender":"Male","date":"7/27/2015","Salary":"$88142.22"},
   {"id":39,"first_name":"Diane","last_name":"Larson","email":"dlarson12@cafepress.com","gender":"Female","date":"1/26/2016","Salary":"$100365.02"},
   {"id":40,"first_name":"Adam","last_name":"Morales","email":"amorales13@stanford.edu","gender":"Male","date":"10/3/2015","Salary":"$115197.24"},
   {"id":41,"first_name":"Jimmy","last_name":"Walker","email":"jwalker14@dion.ne.jp","gender":"Male","date":"9/20/2015","Salary":"$110759.84"},
   {"id":42,"first_name":"Mary","last_name":"Walker","email":"mwalker15@about.com","gender":"Female","date":"8/17/2015","Salary":"$129729.18"},
   {"id":43,"first_name":"Angela","last_name":"Elliott","email":"aelliott16@wikispaces.com","gender":"Female","date":"3/5/2016","Salary":"$142907.59"},
   {"id":44,"first_name":"Bobby","last_name":"Torres","email":"btorres17@edublogs.org","gender":"Male","date":"11/19/2015","Salary":"$145757.31"},
   {"id":45,"first_name":"Jimmy","last_name":"Cook","email":"jcook18@delicious.com","gender":"Male","date":"9/2/2015","Salary":"$101143.11"},
   {"id":46,"first_name":"Steven","last_name":"Green","email":"sgreen19@ameblo.jp","gender":"Male","date":"4/27/2016","Salary":"$127073.17"},
   {"id":47,"first_name":"Mary","last_name":"Cunningham","email":"mcunningham1a@biblegateway.com","gender":"Female","date":"4/25/2016","Salary":"$121991.63"},
   {"id":48,"first_name":"Anthony","last_name":"Dunn","email":"adunn1b@disqus.com","gender":"Male","date":"8/23/2015","Salary":"$136283.96"},
   {"id":49,"first_name":"Robert","last_name":"Castillo","email":"rcastillo1c@archive.org","gender":"Male","date":"8/25/2015","Salary":"$112588.85"},
   {"id":50,"first_name":"Kathryn","last_name":"Romero","email":"kromero1d@msn.com","gender":"Female","date":"10/1/2015","Salary":"$115263.63"},
   {"id":51,"first_name":"Louis","last_name":"Snyder","email":"lsnyder1e@independent.co.uk","gender":"Male","date":"4/30/2016","Salary":"$135782.70"},
   {"id":52,"first_name":"Samuel","last_name":"Frazier","email":"sfrazier1f@sphinn.com","gender":"Male","date":"10/8/2015","Salary":"$115592.78"},
   {"id":53,"first_name":"Jessica","last_name":"Lewis","email":"jlewis1g@mapquest.com","gender":"Female","date":"11/18/2015","Salary":"$140132.50"},
   {"id":54,"first_name":"Louis","last_name":"West","email":"lwest1h@phoca.cz","gender":"Male","date":"5/26/2016","Salary":"$121707.93"},
   {"id":55,"first_name":"Shirley","last_name":"Woods","email":"swoods1i@storify.com","gender":"Female","date":"8/13/2015","Salary":"$88530.33"},
   {"id":56,"first_name":"Mildred","last_name":"Crawford","email":"mcrawford1j@elegantthemes.com","gender":"Female","date":"11/28/2015","Salary":"$85798.10"},
   {"id":57,"first_name":"Helen","last_name":"Bradley","email":"hbradley1k@sakura.ne.jp","gender":"Female","date":"1/18/2016","Salary":"$86325.88"},
   {"id":58,"first_name":"Robert","last_name":"Stevens","email":"rstevens1l@toplist.cz","gender":"Male","date":"5/22/2016","Salary":"$122558.86"},
   {"id":59,"first_name":"Paula","last_name":"Harvey","email":"pharvey1m@a8.net","gender":"Female","date":"11/4/2015","Salary":"$92132.07"},
   {"id":60,"first_name":"Tina","last_name":"Parker","email":"tparker1n@cpanel.net","gender":"Female","date":"5/6/2016","Salary":"$127059.51"},
   {"id":61,"first_name":"Russell","last_name":"Fisher","email":"rfisher1o@youtube.com","gender":"Male","date":"6/5/2016","Salary":"$144152.67"},
   {"id":62,"first_name":"Judith","last_name":"Johnson","email":"jjohnson1p@gnu.org","gender":"Female","date":"8/20/2015","Salary":"$90905.58"},
   {"id":63,"first_name":"Kenneth","last_name":"Morales","email":"kmorales1q@wisc.edu","gender":"Male","date":"8/16/2015","Salary":"$138771.11"},
   {"id":64,"first_name":"Samuel","last_name":"Medina","email":"smedina1r@craigslist.org","gender":"Male","date":"7/1/2016","Salary":"$94776.70"},
   {"id":65,"first_name":"Louis","last_name":"Oliver","email":"loliver1s@elpais.com","gender":"Male","date":"10/5/2015","Salary":"$131495.74"},
   {"id":66,"first_name":"Mary","last_name":"Walker","email":"mwalker1t@addthis.com","gender":"Female","date":"10/13/2015","Salary":"$122390.27"},
   {"id":67,"first_name":"Terry","last_name":"Morales","email":"tmorales1u@vk.com","gender":"Male","date":"7/25/2015","Salary":"$138302.20"},
   {"id":68,"first_name":"Pamela","last_name":"Cox","email":"pcox1v@studiopress.com","gender":"Female","date":"9/2/2015","Salary":"$146212.98"},
   {"id":69,"first_name":"Virginia","last_name":"Hudson","email":"vhudson1w@reddit.com","gender":"Female","date":"8/14/2015","Salary":"$125497.17"},
   {"id":70,"first_name":"Diane","last_name":"Hunt","email":"dhunt1x@army.mil","gender":"Female","date":"1/17/2016","Salary":"$138753.64"},
   {"id":71,"first_name":"Cynthia","last_name":"Henderson","email":"chenderson1y@dropbox.com","gender":"Female","date":"4/22/2016","Salary":"$118424.26"},
   {"id":72,"first_name":"Larry","last_name":"Adams","email":"ladams1z@blogspot.com","gender":"Male","date":"1/2/2016","Salary":"$98974.12"},
   {"id":73,"first_name":"Phillip","last_name":"Black","email":"pblack20@alexa.com","gender":"Male","date":"9/3/2015","Salary":"$142736.52"},
   {"id":74,"first_name":"Aaron","last_name":"Crawford","email":"acrawford21@baidu.com","gender":"Male","date":"7/25/2015","Salary":"$117133.41"},
   {"id":75,"first_name":"Nancy","last_name":"Bryant","email":"nbryant22@google.com","gender":"Female","date":"8/4/2015","Salary":"$136051.76"},
   {"id":76,"first_name":"Irene","last_name":"Fernandez","email":"ifernandez23@buzzfeed.com","gender":"Female","date":"1/5/2016","Salary":"$121346.88"},
   {"id":77,"first_name":"Heather","last_name":"Reed","email":"hreed24@edublogs.org","gender":"Female","date":"5/3/2016","Salary":"$112643.72"},
   {"id":78,"first_name":"Carolyn","last_name":"Perez","email":"cperez25@merriam-webster.com","gender":"Female","date":"2/8/2016","Salary":"$148828.33"},
   {"id":79,"first_name":"Peter","last_name":"Crawford","email":"pcrawford26@wiley.com","gender":"Male","date":"5/24/2016","Salary":"$119994.18"},
   {"id":80,"first_name":"Lori","last_name":"Green","email":"lgreen27@globo.com","gender":"Female","date":"12/5/2015","Salary":"$88035.74"},
   {"id":81,"first_name":"Wanda","last_name":"Bowman","email":"wbowman28@hostgator.com","gender":"Female","date":"3/29/2016","Salary":"$143329.91"},
   {"id":82,"first_name":"Wayne","last_name":"Owens","email":"wowens29@storify.com","gender":"Male","date":"5/2/2016","Salary":"$142794.37"},
   {"id":83,"first_name":"Kelly","last_name":"Hart","email":"khart2a@dell.com","gender":"Female","date":"1/25/2016","Salary":"$116515.38"},
   {"id":84,"first_name":"Anne","last_name":"Jordan","email":"ajordan2b@reference.com","gender":"Female","date":"4/23/2016","Salary":"$109843.14"},
   {"id":85,"first_name":"Ryan","last_name":"Reed","email":"rreed2c@icio.us","gender":"Male","date":"7/14/2016","Salary":"$117681.88"},
   {"id":86,"first_name":"Carol","last_name":"Webb","email":"cwebb2d@mapy.cz","gender":"Female","date":"4/28/2016","Salary":"$96371.07"},
   {"id":87,"first_name":"Jose","last_name":"Kim","email":"jkim2e@google.ca","gender":"Male","date":"1/31/2016","Salary":"$132921.67"},
   {"id":88,"first_name":"Donna","last_name":"Martin","email":"dmartin2f@wufoo.com","gender":"Female","date":"11/11/2015","Salary":"$81601.96"},
   {"id":89,"first_name":"Frances","last_name":"Peters","email":"fpeters2g@yandex.ru","gender":"Female","date":"5/19/2016","Salary":"$101387.59"},
   {"id":90,"first_name":"Barbara","last_name":"Sullivan","email":"bsullivan2h@answers.com","gender":"Female","date":"1/26/2016","Salary":"$97877.11"},
   {"id":91,"first_name":"Paul","last_name":"Johnson","email":"pjohnson2i@soup.io","gender":"Male","date":"5/30/2016","Salary":"$146011.48"},
   {"id":92,"first_name":"Lillian","last_name":"Gonzales","email":"lgonzales2j@naver.com","gender":"Female","date":"12/9/2015","Salary":"$115309.17"},
   {"id":93,"first_name":"Wanda","last_name":"Martinez","email":"wmartinez2k@1688.com","gender":"Female","date":"4/1/2016","Salary":"$91629.18"},
   {"id":94,"first_name":"Kathryn","last_name":"Shaw","email":"kshaw2l@spiegel.de","gender":"Female","date":"6/6/2016","Salary":"$136272.90"},
   {"id":95,"first_name":"Bruce","last_name":"Duncan","email":"bduncan2m@seesaa.net","gender":"Male","date":"5/10/2016","Salary":"$117499.98"},
   {"id":96,"first_name":"Charles","last_name":"Frazier","email":"cfrazier2n@woothemes.com","gender":"Male","date":"11/10/2015","Salary":"$139069.13"},
   {"id":97,"first_name":"Samuel","last_name":"Cooper","email":"scooper2o@umn.edu","gender":"Male","date":"6/8/2016","Salary":"$123238.54"},
   {"id":98,"first_name":"Nancy","last_name":"Grant","email":"ngrant2p@bigcartel.com","gender":"Female","date":"7/7/2016","Salary":"$117323.89"},
   {"id":99,"first_name":"Amanda","last_name":"Kelly","email":"akelly2q@abc.net.au","gender":"Female","date":"3/24/2016","Salary":"$112135.09"},
   {"id":100,"first_name":"Joyce","last_name":"Willis","email":"jwillis2r@360.cn","gender":"Female","date":"9/2/2015","Salary":"$85316.70"}]
